title,sentiment,polarity
[Project] From books to presentations in 10s with AR + ML,neutral,0.0
[D] A Demo from 1993 of 32-year-old Yann LeCun showing off the World's first Convolutional Network for Text Recognition,positive,0.25
[R] First Order Motion Model applied to animate paintings,positive,0.25
[D] This AI reveals how much time politicians stare at their phone at work,positive,0.2
[N] AI can turn old photos into moving Images / Link is given in the comments - You can also turn your old photo like this,positive,0.1
[D] Types of Machine Learning Papers,neutral,0.0
I made a robot that punishes me if it detects that if I am procrastinating on my assignments [P],neutral,0.0
[D] The machine learning community has a toxicity problem,neutral,0.0
"[Project] NEW PYTHON PACKAGE: Sync GAN Art to Music with ""Lucid Sonic Dreams""! (Link in Comments)",positive,0.17045454545454544
[P] Using oil portraits and First Order Model to bring the paintings back to life,positive,0.125
